accountid,firstname,lastname,email,gender,suffix,mobilenumber,statecode,username,middleinitial,birthdate
1,Alyce,Rainsdon,arainsdon0@nhs.uk,Female,Sr,772-394-1915,FL,arainsdon0,g,1962-10-18
2,Kenton,Donner,kdonner1@java.com,Male,Sr,623-678-5801,AZ,kdonner1,E,2018-12-11
3,Karyn,Choules,kchoules2@shutterfly.com,Female,IV,480-535-7696,AZ,kchoules2,f,1992-10-26
4,Ofella,Hearthfield,ohearthfield3@yolasite.com,Female,II,559-809-6736,CA,ohearthfield3,G,1961-10-05
5,Dolf,Mylechreest,dmylechreest4@bloglovin.com,Male,II,202-952-9744,MD,dmylechreest4,R,1986-10-07
6,Isacco,Yuryev,iyuryev5@archive.org,Male,Sr,304-248-9057,WV,iyuryev5,i,1978-08-08
7,Alistair,Didsbury,adidsbury6@wiley.com,Male,Sr,954-822-9068,FL,adidsbury6,4,2018-11-27
8,Hyman,Bouette,hbouette7@amazon.co.jp,Male,III,412-541-7574,PA,hbouette7,D,1965-09-15
9,Lauritz,Yelland,lyelland8@twitpic.com,Male,IV,216-304-7769,OH,lyelland8,j,2009-12-29
10,Devlen,Labrum,dlabrum9@ucla.edu,Male,III,704-404-9139,NC,dlabrum9,T,1936-02-17
11,Celka,Bartholomaus,cbartholomausa@tuttocitta.it,Female,Jr,901-238-2130,TN,cbartholomausa,F,2014-04-30
12,Markos,Summergill,msummergillb@nymag.com,Male,II,267-528-9684,PA,msummergillb,Q,1993-06-13
13,Leisha,Lighten,llightenc@aboutads.info,Female,IV,561-900-2651,FL,llightenc,5,1956-07-28
14,Ives,Manlow,imanlowd@amazon.co.uk,Male,Jr,540-524-9075,VA,imanlowd,7,1955-07-07
15,Jewel,Cristol,jcristole@hubpages.com,Female,IV,702-990-3504,NV,jcristole,M,1940-09-25
16,Philomena,O'Kenny,pokennyf@taobao.com,Female,Sr,651-628-4585,MN,pokennyf,j,1944-08-15
17,Calhoun,Stonnell,cstonnellg@tumblr.com,Male,Sr,504-520-2701,LA,cstonnellg,o,1931-03-16
18,Reggy,Baccup,rbaccuph@odnoklassniki.ru,Male,IV,405-753-1272,OK,rbaccuph,P,1996-05-17
19,Bryanty,Leggin,bleggini@domainmarket.com,Male,III,864-814-2306,SC,bleggini,Q,2014-09-06
20,Gaylor,Berndtssen,gberndtssenj@merriam-webster.com,Male,Jr,714-573-2640,CA,gberndtssenj,8,1994-09-14
21,Herta,Strippel,hstrippelk@businessinsider.com,Female,Jr,832-527-4126,TX,hstrippelk,o,2004-02-03
22,Eberto,Teggin,etegginl@newyorker.com,Male,II,402-367-4078,NE,etegginl,8,2013-07-09
23,Valerie,Wafer,vwaferm@mtv.com,Female,II,971-475-2914,OR,vwaferm,I,1955-09-09
24,Ardeen,Landells,alandellsn@studiopress.com,Female,Sr,773-531-9742,IL,alandellsn,4,1957-06-18
25,Vern,Hagart,vhagarto@wordpress.com,Male,Sr,706-533-3451,GA,vhagarto,K,1958-11-09
